<beans xmlns="http://www.springframework.org/schema/beans"
	xmlns:batch="http://www.springframework.org/schema/batch" xmlns:xsi="http://www.w3.org/2001/XMLSchema-instance"
	xsi:schemaLocation="http://www.springframework.org/schema/batch
		http://www.springframework.org/schema/batch/spring-batch-2.2.xsd
		http://www.springframework.org/schema/beans 
		http://www.springframework.org/schema/beans/spring-beans-3.2.xsd
	">

	<import resource="../config/context.xml" />

	<bean id="report" class="com.shaward.model.Report" scope="prototype" />


	<batch:job id="myJob">
		<batch:step id="step1" next="printResult">
			<batch:tasklet>
				<batch:chunk reader="fileItemReader" writer="itemWriter"
					commit-interval="10">
				</batch:chunk>
			</batch:tasklet>
		</batch:step>

		<batch:step id="printResult" >
			<batch:tasklet ref="printWriter">
			</batch:tasklet>
		</batch:step>
	</batch:job>

	<bean id="fileItemReader" class="org.springframework.batch.item.file.FlatFileItemReader">

		<property name="resource" value="classpath:file/input/price_ticks.txt" />

		<property name="lineMapper">
			<bean class="org.springframework.batch.item.file.mapping.DefaultLineMapper">
				<property name="lineTokenizer">
					<bean
						class="org.springframework.batch.item.file.transform.DelimitedLineTokenizer">
						<property name="names" value="token" />
					</bean>
				</property>
				<property name="fieldSetMapper">
				    <bean class="com.shaward.ReportFieldSetMapper" />
				    
				    <!-- if no data type conversion, use BeanWrapperFieldSetMapper to map by name
					<bean
						class="org.springframework.batch.item.file.mapping.BeanWrapperFieldSetMapper">
						<property name="prototypeBeanName" value="report" />
					</bean>
					 -->
				</property>
			</bean>
		</property>

	</bean>

	<bean id="printWriter" class="com.shaward.writer.PrintWriter">

	</bean>


	<bean id="itemWriter"
		  class="com.shaward.writer.TokenDataWriter">

	</bean>

</beans>